,age,fnlwgt,education-num,capital-gain,capital-loss,hours-per-week,income
count,32561.0,32561.0,32561.0,32561.0,32561.0,32561.0,32561.0
mean,38.5816467553,189778.366512,10.0806793403,1077.64884371,87.303829735,40.4374558521,0.240809557446
std,13.6404325536,105549.977697,2.57272033207,7385.29208484,402.960218649,12.3474286817,0.427581488565
min,17.0,12285.0,1.0,0.0,0.0,1.0,0.0
25%,28.0,117827.0,9.0,0.0,0.0,40.0,0.0
50%,37.0,178356.0,10.0,0.0,0.0,40.0,0.0
75%,48.0,237051.0,12.0,0.0,0.0,45.0,0.0
max,90.0,1484705.0,16.0,99999.0,4356.0,99.0,1.0
