{"capital-loss": {"capital-loss": 1.0, "age": 0.057774539478969864, "capital-gain": -0.03161506295221493, "hours-per-week": 0.05425636227262286, "income": 0.1505263117702336, "education-num": 0.07992295668663368, "fnlwgt": -0.010251711675329405}, "age": {"capital-loss": 0.057774539478969864, "age": 1.0, "capital-gain": 0.077674498166006, "hours-per-week": 0.06875570750956339, "income": 0.23403710264878325, "education-num": 0.03652718946410697, "fnlwgt": -0.07664586787504137}, "capital-gain": {"capital-loss": -0.03161506295221493, "age": 0.077674498166006, "capital-gain": 1.0, "hours-per-week": 0.07840861539012316, "income": 0.22332881819526118, "education-num": 0.1226301146922376, "fnlwgt": 0.00043188579188687987}, "hours-per-week": {"capital-loss": 0.05425636227262286, "age": 0.06875570750956339, "capital-gain": 0.07840861539012316, "hours-per-week": 1.0, "income": 0.22968906567078598, "education-num": 0.14812273262292563, "fnlwgt": -0.018768490610746827}, "income": {"capital-loss": 0.1505263117702336, "age": 0.23403710264878325, "capital-gain": 0.22332881819526118, "hours-per-week": 0.22968906567078598, "income": 1.0, "education-num": 0.335153952690807, "fnlwgt": -0.009462557247526213}, "education-num": {"capital-loss": 0.07992295668663368, "age": 0.03652718946410697, "capital-gain": 0.1226301146922376, "hours-per-week": 0.14812273262292563, "income": 0.335153952690807, "education-num": 1.0, "fnlwgt": -0.043194632733023694}, "fnlwgt": {"capital-loss": -0.010251711675329405, "age": -0.07664586787504137, "capital-gain": 0.00043188579188687987, "hours-per-week": -0.018768490610746827, "income": -0.009462557247526213, "education-num": -0.043194632733023694, "fnlwgt": 1.0}}