,age,fnlwgt,education-num,capital-gain,capital-loss,hours-per-week,income
age,1.0,-0.076645867875,0.0365271894641,0.077674498166,0.057774539479,0.0687557075096,0.234037102649
fnlwgt,-0.076645867875,1.0,-0.043194632733,0.000431885791887,-0.0102517116753,-0.0187684906107,-0.00946255724753
education-num,0.0365271894641,-0.043194632733,1.0,0.122630114692,0.0799229566866,0.148122732623,0.335153952691
capital-gain,0.077674498166,0.000431885791887,0.122630114692,1.0,-0.0316150629522,0.0784086153901,0.223328818195
capital-loss,0.057774539479,-0.0102517116753,0.0799229566866,-0.0316150629522,1.0,0.0542563622726,0.15052631177
hours-per-week,0.0687557075096,-0.0187684906107,0.148122732623,0.0784086153901,0.0542563622726,1.0,0.229689065671
income,0.234037102649,-0.00946255724753,0.335153952691,0.223328818195,0.15052631177,0.229689065671,1.0
