{"capital-loss": {"count": 32561.0, "std": 402.960218649059, "min": 0.0, "max": 4356.0, "50%": 0.0, "25%": 0.0, "75%": 0.0, "mean": 87.303829734959}, "age": {"count": 32561.0, "std": 13.640432553581146, "min": 17.0, "max": 90.0, "50%": 37.0, "25%": 28.0, "75%": 48.0, "mean": 38.58164675532078}, "capital-gain": {"count": 32561.0, "std": 7385.292084839299, "min": 0.0, "max": 99999.0, "50%": 0.0, "25%": 0.0, "75%": 0.0, "mean": 1077.6488437087312}, "hours-per-week": {"count": 32561.0, "std": 12.34742868173081, "min": 1.0, "max": 99.0, "50%": 40.0, "25%": 40.0, "75%": 45.0, "mean": 40.437455852092995}, "income": {"count": 32561.0, "std": 0.42758148856482187, "min": 0.0, "max": 1.0, "50%": 0.0, "25%": 0.0, "75%": 0.0, "mean": 0.2408095574460244}, "education-num": {"count": 32561.0, "std": 2.5727203320673406, "min": 1.0, "max": 16.0, "50%": 10.0, "25%": 9.0, "75%": 12.0, "mean": 10.0806793403151}, "fnlwgt": {"count": 32561.0, "std": 105549.97769702233, "min": 12285.0, "max": 1484705.0, "50%": 178356.0, "25%": 117827.0, "75%": 237051.0, "mean": 189778.36651208502}}