Model,Specificity,Sensitivity,Accuracy,Error Rate,Precision,FPR,f1 Score,NegLogLoss,MCC
decision_tree,0.778816199377,0.838596491228,0.817059483726,0.182940516274,0.870673952641,0.221183800623,0.854334226988,6.31860530167,0.609489559686
Random_Forest_Classifier,0.838129496403,0.822185970636,0.827160493827,0.172839506173,0.918032786885,0.161870503597,0.867469879518,5.96970543962,0.629078554433
knn,0.339195979899,0.580121703854,0.472502805836,0.527497194164,0.520947176685,0.660804020101,0.548944337812,18.2193436585,-0.0824791407606
Logistic_Regression,0.790163934426,0.827645051195,0.814814814815,0.185185185185,0.883424408015,0.209836065574,0.854625550661,6.39612713737,0.602772905942
AdaBoost_Classifier,0.775641025641,0.827288428325,0.809203142536,0.190796857464,0.872495446266,0.224358974359,0.849290780142,6.58995281589,0.5914034503
GradientBoosting_Classifier,0.818181818182,0.821487603306,0.820426487093,0.179573512907,0.905282331512,0.181818181818,0.861351819757,6.20229607436,0.614068852278
svm,0.336470588235,0.572961373391,0.460157126824,0.539842873176,0.486338797814,0.663529411765,0.526108374384,18.6457653563,-0.093017177995
XGBoost_Classifier,0.798634812287,0.819397993311,0.812570145903,0.187429854097,0.892531876138,0.201365187713,0.854402789887,6.4736507679,0.597030757245
