{"decision_tree": {"tpr": [0.0, 0.7192982456140351, 1.0], "fpr": [0.0, 0.12568306010928962, 1.0]}, "Random_Forest_Classifier": {"tpr": [0.0, 0.17543859649122806, 0.347953216374269, 0.47076023391812866, 0.6023391812865497, 0.6842105263157895, 0.7339181286549707, 0.8070175438596491, 0.8450292397660819, 0.8742690058479532, 0.9269005847953217, 1.0], "fpr": [0.0, 0.009107468123861567, 0.012750455373406194, 0.023679417122040074, 0.056466302367941715, 0.08014571948998178, 0.13479052823315119, 0.18397085610200364, 0.2750455373406193, 0.4007285974499089, 0.6247723132969034, 1.0]}, "knn": {"tpr": [0.0, 0.06432748538011696, 0.24853801169590642, 0.39473684210526316, 0.543859649122807, 0.7280701754385965, 1.0], "fpr": [0.0, 0.08561020036429873, 0.25136612021857924, 0.4790528233151184, 0.6375227686703097, 0.7795992714025501, 1.0]}, "Logistic_Regression": {"tpr": [0.0029239766081871343, 0.12280701754385964, 0.12280701754385964, 0.20175438596491227, 0.20175438596491227, 0.3391812865497076, 0.3391812865497076, 0.40350877192982454, 0.40350877192982454, 0.42105263157894735, 0.42105263157894735, 0.4590643274853801, 0.4590643274853801, 0.4619883040935672, 0.4619883040935672, 0.4678362573099415, 0.4678362573099415, 0.52046783625731, 0.52046783625731, 0.5233918128654971, 0.5233918128654971, 0.5263157894736842, 0.5263157894736842, 0.5380116959064327, 0.5380116959064327, 0.543859649122807, 0.543859649122807, 0.5497076023391813, 0.5497076023391813, 0.564327485380117, 0.564327485380117, 0.5906432748538012, 0.5906432748538012, 0.5935672514619883, 0.5935672514619883, 0.5964912280701754, 0.5964912280701754, 0.6023391812865497, 0.6023391812865497, 0.6198830409356725, 0.6198830409356725, 0.6345029239766082, 0.6345029239766082, 0.6374269005847953, 0.6374269005847953, 0.6432748538011696, 0.6432748538011696, 0.6637426900584795, 0.6637426900584795, 0.6666666666666666, 0.6666666666666666, 0.6695906432748538, 0.6695906432748538, 0.6754385964912281, 0.6754385964912281, 0.6783625730994152, 0.6783625730994152, 0.6812865497076024, 0.6812865497076024, 0.6871345029239766, 0.6871345029239766, 0.6900584795321637, 0.6900584795321637, 0.6988304093567251, 0.6988304093567251, 0.7046783625730995, 0.7046783625730995, 0.7076023391812866, 0.7076023391812866, 0.7105263157894737, 0.7105263157894737, 0.7222222222222222, 0.7222222222222222, 0.7251461988304093, 0.7251461988304093, 0.7280701754385965, 0.7280701754385965, 0.7309941520467836, 0.7309941520467836, 0.7426900584795322, 0.7426900584795322, 0.7514619883040936, 0.7514619883040936, 0.7543859649122807, 0.7543859649122807, 0.7631578947368421, 0.7631578947368421, 0.7660818713450293, 0.7660818713450293, 0.7690058479532164, 0.7690058479532164, 0.7719298245614035, 0.7719298245614035, 0.783625730994152, 0.783625730994152, 0.7865497076023392, 0.7865497076023392, 0.7953216374269005, 0.7953216374269005, 0.8011695906432749, 0.8011695906432749, 0.804093567251462, 0.804093567251462, 0.8099415204678363, 0.8099415204678363, 0.8157894736842105, 0.8157894736842105, 0.8187134502923976, 0.8187134502923976, 0.8216374269005848, 0.8216374269005848, 0.8245614035087719, 0.8245614035087719, 0.827485380116959, 0.827485380116959, 0.8304093567251462, 0.8304093567251462, 0.8333333333333334, 0.8333333333333334, 0.8362573099415205, 0.8362573099415205, 0.8421052631578947, 0.8421052631578947, 0.8450292397660819, 0.8450292397660819, 0.847953216374269, 0.847953216374269, 0.8538011695906432, 0.8538011695906432, 0.8567251461988304, 0.8567251461988304, 0.8596491228070176, 0.8596491228070176, 0.8625730994152047, 0.8625730994152047, 0.8654970760233918, 0.8654970760233918, 0.868421052631579, 0.868421052631579, 0.8713450292397661, 0.8713450292397661, 0.8742690058479532, 0.8742690058479532, 0.8771929824561403, 0.8771929824561403, 0.8801169590643275, 0.8801169590643275, 0.8830409356725146, 0.8830409356725146, 0.8859649122807017, 0.8859649122807017, 0.8918128654970761, 0.8918128654970761, 0.8947368421052632, 0.8947368421052632, 0.9005847953216374, 0.9005847953216374, 0.9035087719298246, 0.9035087719298246, 0.9064327485380117, 0.9064327485380117, 0.9093567251461988, 0.9093567251461988, 0.9122807017543859, 0.9122807017543859, 0.9152046783625731, 0.9152046783625731, 0.9181286549707602, 0.9181286549707602, 0.9210526315789473, 0.9210526315789473, 0.9239766081871345, 0.9239766081871345, 0.9269005847953217, 0.9269005847953217, 0.9298245614035088, 0.9298245614035088, 0.9327485380116959, 0.9327485380116959, 0.935672514619883, 0.935672514619883, 0.9385964912280702, 0.9385964912280702, 0.9415204678362573, 0.9415204678362573, 0.9444444444444444, 0.9444444444444444, 0.9473684210526315, 0.9473684210526315, 0.9502923976608187, 0.9502923976608187, 0.9532163742690059, 0.9532163742690059, 0.956140350877193, 0.956140350877193, 0.9590643274853801, 0.9590643274853801, 0.9619883040935673, 0.9619883040935673, 0.9649122807017544, 0.9649122807017544, 0.9678362573099415, 0.9678362573099415, 0.9707602339181286, 0.9707602339181286, 0.9736842105263158, 0.9736842105263158, 0.9766081871345029, 0.9766081871345029, 0.97953216374269, 0.97953216374269, 0.9824561403508771, 0.9824561403508771, 0.9853801169590644, 0.9853801169590644, 0.9883040935672515, 0.9883040935672515, 0.9912280701754386, 0.9912280701754386, 0.9941520467836257, 0.9941520467836257, 0.9970760233918129, 0.9970760233918129, 1.0, 1.0],