{"Fare": {"Fare": 1.0, "Age": 0.09606669176903881, "Parch": 0.21622494477076254, "Pclass": -0.5494996199439061, "Survived": 0.2573065223849618, "SibSp": 0.15965104324216103, "PassengerId": 0.01265821928749123}, "Age": {"Fare": 0.09606669176903881, "Age": 1.0, "Parch": -0.18911926263203518, "Pclass": -0.36922601531551574, "Survived": -0.07722109457217737, "SibSp": -0.3082467589236574, "PassengerId": 0.03684719786132784}, "Parch": {"Fare": 0.21622494477076254, "Age": -0.18911926263203518, "Parch": 1.0, "Pclass": 0.01844267131074835, "Survived": 0.08162940708348222, "SibSp": 0.41483769862015263, "PassengerId": -0.0016520124027188286}, "Pclass": {"Fare": -0.5494996199439061, "Age": -0.36922601531551574, "Parch": 0.01844267131074835, "Pclass": 1.0, "Survived": -0.33848103596101586, "SibSp": 0.0830813628456866, "PassengerId": -0.03514399403037967}, "Survived": {"Fare": 0.2573065223849618, "Age": -0.07722109457217737, "Parch": 0.08162940708348222, "Pclass": -0.33848103596101586, "Survived": 1.0, "SibSp": -0.03532249888573588, "PassengerId": -0.005006660767066476}, "SibSp": {"Fare": 0.15965104324216103, "Age": -0.3082467589236574, "Parch": 0.41483769862015263, "Pclass": 0.0830813628456866, "Survived": -0.03532249888573588, "SibSp": 1.0, "PassengerId": -0.057526833784441705}, "PassengerId": {"Fare": 0.01265821928749123, "Age": 0.03684719786132784, "Parch": -0.0016520124027188286, "Pclass": -0.03514399403037967, "Survived": -0.005006660767066476, "SibSp": -0.057526833784441705, "PassengerId": 1.0}}