PassengerId,Survived,Pclass,Age,SibSp,Parch,Fare
891.0,891.0,891.0,714.0,891.0,891.0,891.0
446.0,0.383838383838,2.30864197531,29.6991176471,0.523007856341,0.381593714927,32.2042079686
257.353842015,0.486592454265,0.836071240977,14.5264973323,1.10274343229,0.80605722113,49.6934285972
1.0,0.0,1.0,0.42,0.0,0.0,0.0
223.5,0.0,2.0,20.125,0.0,0.0,7.9104
446.0,0.0,3.0,28.0,0.0,0.0,14.4542
668.5,1.0,3.0,38.0,1.0,0.0,31.0
891.0,1.0,3.0,80.0,8.0,6.0,512.3292
