,PassengerId,Survived,Pclass,Age,SibSp,Parch,Fare
PassengerId,1.0,-0.00500666076707,-0.0351439940304,0.0368471978613,-0.0575268337844,-0.00165201240272,0.0126582192875
Survived,-0.00500666076707,1.0,-0.338481035961,-0.0772210945722,-0.0353224988857,0.0816294070835,0.257306522385
Pclass,-0.0351439940304,-0.338481035961,1.0,-0.369226015316,0.0830813628457,0.0184426713107,-0.549499619944
Age,0.0368471978613,-0.0772210945722,-0.369226015316,1.0,-0.308246758924,-0.189119262632,0.096066691769
SibSp,-0.0575268337844,-0.0353224988857,0.0830813628457,-0.308246758924,1.0,0.41483769862,0.159651043242
Parch,-0.00165201240272,0.0816294070835,0.0184426713107,-0.189119262632,0.41483769862,1.0,0.216224944771
Fare,0.0126582192875,0.257306522385,-0.549499619944,0.096066691769,0.159651043242,0.216224944771,1.0
