{"Fare": {"count": 891.0, "std": 49.693428597180905, "min": 0.0, "max": 512.3292, "50%": 14.4542, "25%": 7.9104, "75%": 31.0, "mean": 32.2042079685746}, "Age": {"count": 714.0, "std": 14.526497332334044, "min": 0.42, "max": 80.0, "50%": 28.0, "25%": 20.125, "75%": 38.0, "mean": 29.69911764705882}, "Parch": {"count": 891.0, "std": 0.8060572211299559, "min": 0.0, "max": 6.0, "50%": 0.0, "25%": 0.0, "75%": 0.0, "mean": 0.38159371492704824}, "Pclass": {"count": 891.0, "std": 0.8360712409770513, "min": 1.0, "max": 3.0, "50%": 3.0, "25%": 2.0, "75%": 3.0, "mean": 2.308641975308642}, "Survived": {"count": 891.0, "std": 0.4865924542648585, "min": 0.0, "max": 1.0, "50%": 0.0, "25%": 0.0, "75%": 1.0, "mean": 0.3838383838383838}, "SibSp": {"count": 891.0, "std": 1.1027434322934275, "min": 0.0, "max": 8.0, "50%": 0.0, "25%": 0.0, "75%": 1.0, "mean": 0.5230078563411896}, "PassengerId": {"count": 891.0, "std": 257.3538420152301, "min": 1.0, "max": 891.0, "50%": 446.0, "25%": 223.5, "75%": 668.5, "mean": 446.0}}