{"decision_tree": {"tpr": [0.0, 0.7339181286549707, 1.0], "fpr": [0.0, 0.13114754098360656, 1.0]}, "Random_Forest_Classifier": {"tpr": [0.0, 0.6695906432748538, 1.0], "fpr": [0.0, 0.0965391621129326, 1.0]}, "knn": {"tpr": [0.0, 0.39473684210526316, 1.0], "fpr": [0.0, 0.4790528233151184, 1.0]}}